{
  "n_train": 8480,
  "n_test": 1497,
  "n_features": 30,
  "attack_ratio": 0.20276636263405834,
  "gbm_test_accuracy": 0.8162992651970608
}